<?xml version="1.0" encoding="UTF-8"?>
<GenRun Id="synth_1" LaunchPart="xc7s75fgga484-1" LaunchTime="1760324553">
  <File Type="PA-TCL" Name="stepmotor_ctrl.tcl"/>
  <File Type="RDS-PROPCONSTRS" Name="stepmotor_ctrl_drc_synth.rpt"/>
  <File Type="REPORTS-TCL" Name="stepmotor_ctrl_reports.tcl"/>
  <File Type="RDS-RDS" Name="stepmotor_ctrl.vds"/>
  <File Type="RDS-UTIL" Name="stepmotor_ctrl_utilization_synth.rpt"/>
  <File Type="RDS-UTIL-PB" Name="stepmotor_ctrl_utilization_synth.pb"/>
  <File Type="RDS-DCP" Name="stepmotor_ctrl.dcp"/>
  <File Type="VDS-TIMINGSUMMARY" Name="stepmotor_ctrl_timing_summary_synth.rpt"/>
  <File Type="VDS-TIMING-PB" Name="stepmotor_ctrl_timing_summary_synth.pb"/>
  <FileSet Name="sources" Type="DesignSrcs" RelSrcDir="$PSRCDIR/sources_1">
    <Filter Type="Srcs"/>
    <File Path="$PPRDIR/stepper_control.v">
      <FileInfo>
        <Attr Name="UsedIn" Val="synthesis"/>
        <Attr Name="UsedIn" Val="implementation"/>
        <Attr Name="UsedIn" Val="simulation"/>
      </FileInfo>
    </File>
    <Config>
      <Option Name="DesignMode" Val="RTL"/>
      <Option Name="TopModule" Val="stepmotor_ctrl"/>
      <Option Name="TopAutoSet" Val="TRUE"/>
    </Config>
  </FileSet>
  <FileSet Name="constrs_in" Type="Constrs" RelSrcDir="$PSRCDIR/constrs_1">
    <Filter Type="Constrs"/>
    <File Path="$PSRCDIR/constrs_1/new/W5_2.xdc">
      <FileInfo>
        <Attr Name="UsedIn" Val="synthesis"/>
        <Attr Name="UsedIn" Val="implementation"/>
      </FileInfo>
    </File>
    <Config>
      <Option Name="TargetConstrsFile" Val="$PSRCDIR/constrs_1/new/W5_2.xdc"/>
      <Option Name="ConstrsType" Val="XDC"/>
    </Config>
  </FileSet>
  <FileSet Name="utils" Type="Utils" RelSrcDir="$PSRCDIR/utils_1">
    <Filter Type="Utils"/>
    <Config>
      <Option Name="TopAutoSet" Val="TRUE"/>
    </Config>
  </FileSet>
  <Strategy Version="1" Minor="2">
    <StratHandle Name="Vivado Synthesis Defaults" Flow="Vivado Synthesis 2020"/>
    <Step Id="synth_design"/>
  </Strategy>
</GenRun>
