<?xml version="1.0" encoding="UTF-8"?>
<GenRun Id="impl_1" LaunchPart="xc7s75fgga484-1" LaunchTime="1759480367">
  <File Type="ROUTE-PWR" Name="stepper_control_power_routed.rpt"/>
  <File Type="PA-TCL" Name="stepper_control.tcl"/>
  <File Type="ROUTE-PWR-SUM" Name="stepper_control_power_summary_routed.pb"/>
  <File Type="REPORTS-TCL" Name="stepper_control_reports.tcl"/>
  <File Type="BITSTR-MSK" Name="stepper_control.msk"/>
  <File Type="ROUTE-CLK" Name="stepper_control_clock_utilization_routed.rpt"/>
  <File Type="RDI-RDI" Name="stepper_control.vdi"/>
  <File Type="BG-BIT" Name="stepper_control.bit"/>
  <File Type="BG-DRC" Name="stepper_control.drc"/>
  <File Type="BG-BGN" Name="stepper_control.bgn"/>
  <File Type="BG-BIN" Name="stepper_control.bin"/>
  <File Type="BITSTR-RBT" Name="stepper_control.rbt"/>
  <File Type="BITSTR-NKY" Name="stepper_control.nky"/>
  <File Type="BITSTR-BMM" Name="stepper_control_bd.bmm"/>
  <File Type="ROUTE-METHODOLOGY-DRC" Name="stepper_control_methodology_drc_routed.rpt"/>
  <File Type="BITSTR-MMI" Name="stepper_control.mmi"/>
  <File Type="BITSTR-SYSDEF" Name="stepper_control.sysdef"/>
  <File Type="BITSTR-LTX" Name="debug_nets.ltx"/>
  <File Type="BITSTR-LTX" Name="stepper_control.ltx"/>
  <File Type="WBT-USG" Name="usage_statistics_webtalk.html"/>
  <File Type="OPT-DRC" Name="stepper_control_drc_opted.rpt"/>
  <File Type="OPT-HWDEF" Name="stepper_control.hwdef"/>
  <File Type="PLACE-IO" Name="stepper_control_io_placed.rpt"/>
  <File Type="PLACE-UTIL" Name="stepper_control_utilization_placed.rpt"/>
  <File Type="PLACE-UTIL-PB" Name="stepper_control_utilization_placed.pb"/>
  <File Type="PLACE-CTRL" Name="stepper_control_control_sets_placed.rpt"/>
  <File Type="PLACE-PRE-SIMILARITY" Name="stepper_control_incremental_reuse_pre_placed.rpt"/>
  <File Type="ROUTE-DRC" Name="stepper_control_drc_routed.rpt"/>
  <File Type="ROUTE-DRC-PB" Name="stepper_control_drc_routed.pb"/>
  <File Type="ROUTE-PWR-RPX" Name="stepper_control_power_routed.rpx"/>
  <File Type="ROUTE-STATUS" Name="stepper_control_route_status.rpt"/>
  <File Type="ROUTE-STATUS-PB" Name="stepper_control_route_status.pb"/>
  <File Type="ROUTE-DCP" Name="stepper_control_routed.dcp"/>
  <File Type="ROUTE-ERROR-DCP" Name="stepper_control_routed_error.dcp"/>
  <File Type="ROUTE-BLACKBOX-DCP" Name="stepper_control_routed_bb.dcp"/>
  <File Type="ROUTE-TIMINGSUMMARY" Name="stepper_control_timing_summary_routed.rpt"/>
  <File Type="ROUTE-TIMING-PB" Name="stepper_control_timing_summary_routed.pb"/>
  <File Type="ROUTE-TIMING-RPX" Name="stepper_control_timing_summary_routed.rpx"/>
  <File Type="ROUTE-BUS-SKEW" Name="stepper_control_bus_skew_routed.rpt"/>
  <File Type="ROUTE-BUS-SKEW-PB" Name="stepper_control_bus_skew_routed.pb"/>
  <File Type="ROUTE-BUS-SKEW-RPX" Name="stepper_control_bus_skew_routed.rpx"/>
  <File Type="OPT-DCP" Name="stepper_control_opt.dcp"/>
  <File Type="PLACE-DCP" Name="stepper_control_placed.dcp"/>
  <File Type="PWROPT-DCP" Name="stepper_control_pwropt.dcp"/>
  <File Type="POSTPLACE-PWROPT-DCP" Name="stepper_control_postplace_pwropt.dcp"/>
  <File Type="PHYSOPT-DCP" Name="stepper_control_physopt.dcp"/>
  <File Type="POSTROUTE-PHYSOPT-DCP" Name="stepper_control_postroute_physopt.dcp"/>
  <File Type="POSTROUTE-PHYSOPT-BLACKBOX-DCP" Name="stepper_control_postroute_physopt_bb.dcp"/>
  <File Type="ROUTE-METHODOLOGY-DRC-PB" Name="stepper_control_methodology_drc_routed.pb"/>
  <File Type="ROUTE-DRC-RPX" Name="stepper_control_drc_routed.rpx"/>
  <File Type="ROUTE-METHODOLOGY-DRC-RPX" Name="stepper_control_methodology_drc_routed.rpx"/>
  <File Type="PDI-FILE" Name="stepper_control.pdi"/>
  <File Type="RCFI_FILE" Name="stepper_control.rcfi"/>
  <File Type="CFI_FILE" Name="stepper_control.cfi"/>
  <File Type="RNPI_FILE" Name="stepper_control.rnpi"/>
  <File Type="NPI_FILE" Name="stepper_control.npi"/>
  <File Type="RBD_FILE" Name="stepper_control.rbd"/>
  <FileSet Name="sources" Type="DesignSrcs" RelSrcDir="$PSRCDIR/sources_1">
    <Filter Type="Srcs"/>
    <File Path="$PPRDIR/stepper_control.v">
      <FileInfo>
        <Attr Name="UsedIn" Val="synthesis"/>
        <Attr Name="UsedIn" Val="implementation"/>
        <Attr Name="UsedIn" Val="simulation"/>
      </FileInfo>
    </File>
    <Config>
      <Option Name="DesignMode" Val="RTL"/>
      <Option Name="TopModule" Val="stepper_control"/>
      <Option Name="TopAutoSet" Val="TRUE"/>
    </Config>
  </FileSet>
  <FileSet Name="constrs_in" Type="Constrs" RelSrcDir="$PSRCDIR/constrs_1">
    <Filter Type="Constrs"/>
    <File Path="$PSRCDIR/constrs_1/new/W5_2.xdc">
      <FileInfo>
        <Attr Name="UsedIn" Val="synthesis"/>
        <Attr Name="UsedIn" Val="implementation"/>
      </FileInfo>
    </File>
    <Config>
      <Option Name="TargetConstrsFile" Val="$PSRCDIR/constrs_1/new/W5_2.xdc"/>
      <Option Name="ConstrsType" Val="XDC"/>
    </Config>
  </FileSet>
  <FileSet Name="utils" Type="Utils" RelSrcDir="$PSRCDIR/utils_1">
    <Filter Type="Utils"/>
    <Config>
      <Option Name="TopAutoSet" Val="TRUE"/>
    </Config>
  </FileSet>
  <Strategy Version="1" Minor="2">
    <StratHandle Name="Vivado Implementation Defaults" Flow="Vivado Implementation 2020"/>
    <Step Id="init_design"/>
    <Step Id="opt_design"/>
    <Step Id="power_opt_design"/>
    <Step Id="place_design"/>
    <Step Id="post_place_power_opt_design"/>
    <Step Id="phys_opt_design"/>
    <Step Id="route_design"/>
    <Step Id="post_route_phys_opt_design"/>
    <Step Id="write_bitstream"/>
    <Step Id="write_device_image"/>
  </Strategy>
</GenRun>
