<?xml version="1.0" encoding="UTF-8"?>
<GenRun Id="impl_1" LaunchPart="xc7s75fgga484-1" LaunchTime="1760320946">
  <File Type="BITSTR-BMM" Name="counter_dnup_bd.bmm"/>
  <File Type="OPT-METHODOLOGY-DRC" Name="counter_dnup_methodology_drc_opted.rpt"/>
  <File Type="INIT-TIMING" Name="counter_dnup_timing_summary_init.rpt"/>
  <File Type="ROUTE-PWR" Name="counter_dnup_power_routed.rpt"/>
  <File Type="PA-TCL" Name="counter_dnup.tcl"/>
  <File Type="OPT-TIMING" Name="counter_dnup_timing_summary_opted.rpt"/>
  <File Type="OPT-DCP" Name="counter_dnup_opt.dcp"/>
  <File Type="ROUTE-PWR-SUM" Name="counter_dnup_power_summary_routed.pb"/>
  <File Type="REPORTS-TCL" Name="counter_dnup_reports.tcl"/>
  <File Type="OPT-DRC" Name="counter_dnup_drc_opted.rpt"/>
  <File Type="OPT-HWDEF" Name="counter_dnup.hwdef"/>
  <File Type="PWROPT-DCP" Name="counter_dnup_pwropt.dcp"/>
  <File Type="PWROPT-DRC" Name="counter_dnup_drc_pwropted.rpt"/>
  <File Type="PWROPT-TIMING" Name="counter_dnup_timing_summary_pwropted.rpt"/>
  <File Type="PLACE-DCP" Name="counter_dnup_placed.dcp"/>
  <File Type="PLACE-IO" Name="counter_dnup_io_placed.rpt"/>
  <File Type="PLACE-CLK" Name="counter_dnup_clock_utilization_placed.rpt"/>
  <File Type="PLACE-UTIL" Name="counter_dnup_utilization_placed.rpt"/>
  <File Type="PLACE-UTIL-PB" Name="counter_dnup_utilization_placed.pb"/>
  <File Type="PLACE-CTRL" Name="counter_dnup_control_sets_placed.rpt"/>
  <File Type="PLACE-SIMILARITY" Name="counter_dnup_incremental_reuse_placed.rpt"/>
  <File Type="PLACE-PRE-SIMILARITY" Name="counter_dnup_incremental_reuse_pre_placed.rpt"/>
  <File Type="PLACE-TIMING" Name="counter_dnup_timing_summary_placed.rpt"/>
  <File Type="POSTPLACE-PWROPT-DCP" Name="counter_dnup_postplace_pwropt.dcp"/>
  <File Type="BG-BIN" Name="counter_dnup.bin"/>
  <File Type="POSTPLACE-PWROPT-TIMING" Name="counter_dnup_timing_summary_postplace_pwropted.rpt"/>
  <File Type="PHYSOPT-DCP" Name="counter_dnup_physopt.dcp"/>
  <File Type="PHYSOPT-DRC" Name="counter_dnup_drc_physopted.rpt"/>
  <File Type="BITSTR-MSK" Name="counter_dnup.msk"/>
  <File Type="PHYSOPT-TIMING" Name="counter_dnup_timing_summary_physopted.rpt"/>
  <File Type="ROUTE-ERROR-DCP" Name="counter_dnup_routed_error.dcp"/>
  <File Type="ROUTE-DCP" Name="counter_dnup_routed.dcp"/>
  <File Type="ROUTE-BLACKBOX-DCP" Name="counter_dnup_routed_bb.dcp"/>
  <File Type="ROUTE-DRC" Name="counter_dnup_drc_routed.rpt"/>
  <File Type="ROUTE-DRC-PB" Name="counter_dnup_drc_routed.pb"/>
  <File Type="ROUTE-DRC-RPX" Name="counter_dnup_drc_routed.rpx"/>
  <File Type="BITSTR-MMI" Name="counter_dnup.mmi"/>
  <File Type="ROUTE-METHODOLOGY-DRC" Name="counter_dnup_methodology_drc_routed.rpt"/>
  <File Type="ROUTE-METHODOLOGY-DRC-RPX" Name="counter_dnup_methodology_drc_routed.rpx"/>
  <File Type="ROUTE-METHODOLOGY-DRC-PB" Name="counter_dnup_methodology_drc_routed.pb"/>
  <File Type="ROUTE-PWR-RPX" Name="counter_dnup_power_routed.rpx"/>
  <File Type="ROUTE-STATUS" Name="counter_dnup_route_status.rpt"/>
  <File Type="ROUTE-STATUS-PB" Name="counter_dnup_route_status.pb"/>
  <File Type="ROUTE-TIMINGSUMMARY" Name="counter_dnup_timing_summary_routed.rpt"/>
  <File Type="ROUTE-TIMING-PB" Name="counter_dnup_timing_summary_routed.pb"/>
  <File Type="ROUTE-TIMING-RPX" Name="counter_dnup_timing_summary_routed.rpx"/>
  <File Type="ROUTE-SIMILARITY" Name="counter_dnup_incremental_reuse_routed.rpt"/>
  <File Type="ROUTE-CLK" Name="counter_dnup_clock_utilization_routed.rpt"/>
  <File Type="ROUTE-BUS-SKEW" Name="counter_dnup_bus_skew_routed.rpt"/>
  <File Type="ROUTE-BUS-SKEW-PB" Name="counter_dnup_bus_skew_routed.pb"/>
  <File Type="ROUTE-BUS-SKEW-RPX" Name="counter_dnup_bus_skew_routed.rpx"/>
  <File Type="POSTROUTE-PHYSOPT-DCP" Name="counter_dnup_postroute_physopt.dcp"/>
  <File Type="POSTROUTE-PHYSOPT-BLACKBOX-DCP" Name="counter_dnup_postroute_physopt_bb.dcp"/>
  <File Type="POSTROUTE-PHYSOPT-TIMING" Name="counter_dnup_timing_summary_postroute_physopted.rpt"/>
  <File Type="POSTROUTE-PHYSOPT-TIMING-PB" Name="counter_dnup_timing_summary_postroute_physopted.pb"/>
  <File Type="POSTROUTE-PHYSOPT-TIMING-RPX" Name="counter_dnup_timing_summary_postroute_physopted.rpx"/>
  <File Type="POSTROUTE-PHYSOPT-BUS-SKEW" Name="counter_dnup_bus_skew_postroute_physopted.rpt"/>
  <File Type="POSTROUTE-PHYSOPT-BUS-SKEW-PB" Name="counter_dnup_bus_skew_postroute_physopted.pb"/>
  <File Type="BG-BIT" Name="counter_dnup.bit"/>
  <File Type="POSTROUTE-PHYSOPT-BUS-SKEW-RPX" Name="counter_dnup_bus_skew_postroute_physopted.rpx"/>
  <File Type="BITSTR-RBT" Name="counter_dnup.rbt"/>
  <File Type="BITSTR-NKY" Name="counter_dnup.nky"/>
  <File Type="PDI-FILE" Name="counter_dnup.pdi"/>
  <File Type="RCFI_FILE" Name="counter_dnup.rcfi"/>
  <File Type="CFI_FILE" Name="counter_dnup.cfi"/>
  <File Type="RNPI_FILE" Name="counter_dnup.rnpi"/>
  <File Type="NPI_FILE" Name="counter_dnup.npi"/>
  <File Type="RBD_FILE" Name="counter_dnup.rbd"/>
  <File Type="BITSTR-LTX" Name="debug_nets.ltx"/>
  <File Type="BITSTR-LTX" Name="counter_dnup.ltx"/>
  <File Type="BITSTR-SYSDEF" Name="counter_dnup.sysdef"/>
  <File Type="BG-BGN" Name="counter_dnup.bgn"/>
  <File Type="BG-DRC" Name="counter_dnup.drc"/>
  <File Type="RDI-RDI" Name="counter_dnup.vdi"/>
  <File Type="WBT-USG" Name="usage_statistics_webtalk.html"/>
  <FileSet Name="sources" Type="DesignSrcs" RelSrcDir="$PSRCDIR/sources_1">
    <Filter Type="Srcs"/>
    <File Path="$PPRDIR/counter_dnup.v">
      <FileInfo>
        <Attr Name="UsedIn" Val="synthesis"/>
        <Attr Name="UsedIn" Val="implementation"/>
        <Attr Name="UsedIn" Val="simulation"/>
      </FileInfo>
    </File>
    <File Path="$PSRCDIR/sources_1/bd/design_1/design_1.bd">
      <FileInfo>
        <Attr Name="AutoDisabled" Val="1"/>
        <Attr Name="UsedIn" Val="synthesis"/>
        <Attr Name="UsedIn" Val="implementation"/>
        <Attr Name="UsedIn" Val="simulation"/>
      </FileInfo>
    </File>
    <Config>
      <Option Name="DesignMode" Val="RTL"/>
      <Option Name="TopModule" Val="counter_dnup"/>
      <Option Name="TopAutoSet" Val="TRUE"/>
    </Config>
  </FileSet>
  <FileSet Name="constrs_in" Type="Constrs" RelSrcDir="$PSRCDIR/constrs_1">
    <Filter Type="Constrs"/>
    <File Path="$PSRCDIR/constrs_1/new/lab5.1"/>
    <File Path="$PSRCDIR/constrs_1/new/lab5.xdc">
      <FileInfo>
        <Attr Name="UsedIn" Val="synthesis"/>
        <Attr Name="UsedIn" Val="implementation"/>
      </FileInfo>
    </File>
    <Config>
      <Option Name="TargetConstrsFile" Val="$PSRCDIR/constrs_1/new/lab5.xdc"/>
      <Option Name="ConstrsType" Val="XDC"/>
    </Config>
  </FileSet>
  <FileSet Name="utils" Type="Utils" RelSrcDir="$PSRCDIR/utils_1">
    <Filter Type="Utils"/>
    <Config>
      <Option Name="TopAutoSet" Val="TRUE"/>
    </Config>
  </FileSet>
  <Strategy Version="1" Minor="2">
    <StratHandle Name="Vivado Implementation Defaults" Flow="Vivado Implementation 2020"/>
    <Step Id="init_design"/>
    <Step Id="opt_design"/>
    <Step Id="power_opt_design"/>
    <Step Id="place_design"/>
    <Step Id="post_place_power_opt_design"/>
    <Step Id="phys_opt_design"/>
    <Step Id="route_design"/>
    <Step Id="post_route_phys_opt_design"/>
    <Step Id="write_bitstream"/>
  </Strategy>
</GenRun>
