<?xml version="1.0" encoding="UTF-8"?>
<GenRun Id="impl_1" LaunchPart="xc7s75fgga484-1" LaunchTime="1760324594">
  <File Type="BITSTR-BMM" Name="stepmotor_ctrl_bd.bmm"/>
  <File Type="OPT-METHODOLOGY-DRC" Name="stepmotor_ctrl_methodology_drc_opted.rpt"/>
  <File Type="INIT-TIMING" Name="stepmotor_ctrl_timing_summary_init.rpt"/>
  <File Type="ROUTE-PWR" Name="stepmotor_ctrl_power_routed.rpt"/>
  <File Type="PA-TCL" Name="stepmotor_ctrl.tcl"/>
  <File Type="OPT-TIMING" Name="stepmotor_ctrl_timing_summary_opted.rpt"/>
  <File Type="OPT-DCP" Name="stepmotor_ctrl_opt.dcp"/>
  <File Type="ROUTE-PWR-SUM" Name="stepmotor_ctrl_power_summary_routed.pb"/>
  <File Type="REPORTS-TCL" Name="stepmotor_ctrl_reports.tcl"/>
  <File Type="OPT-DRC" Name="stepmotor_ctrl_drc_opted.rpt"/>
  <File Type="OPT-HWDEF" Name="stepmotor_ctrl.hwdef"/>
  <File Type="PWROPT-DCP" Name="stepmotor_ctrl_pwropt.dcp"/>
  <File Type="PWROPT-DRC" Name="stepmotor_ctrl_drc_pwropted.rpt"/>
  <File Type="PWROPT-TIMING" Name="stepmotor_ctrl_timing_summary_pwropted.rpt"/>
  <File Type="PLACE-DCP" Name="stepmotor_ctrl_placed.dcp"/>
  <File Type="PLACE-IO" Name="stepmotor_ctrl_io_placed.rpt"/>
  <File Type="PLACE-CLK" Name="stepmotor_ctrl_clock_utilization_placed.rpt"/>
  <File Type="PLACE-UTIL" Name="stepmotor_ctrl_utilization_placed.rpt"/>
  <File Type="PLACE-UTIL-PB" Name="stepmotor_ctrl_utilization_placed.pb"/>
  <File Type="PLACE-CTRL" Name="stepmotor_ctrl_control_sets_placed.rpt"/>
  <File Type="PLACE-SIMILARITY" Name="stepmotor_ctrl_incremental_reuse_placed.rpt"/>
  <File Type="PLACE-PRE-SIMILARITY" Name="stepmotor_ctrl_incremental_reuse_pre_placed.rpt"/>
  <File Type="PLACE-TIMING" Name="stepmotor_ctrl_timing_summary_placed.rpt"/>
  <File Type="POSTPLACE-PWROPT-DCP" Name="stepmotor_ctrl_postplace_pwropt.dcp"/>
  <File Type="BG-BIN" Name="stepmotor_ctrl.bin"/>
  <File Type="POSTPLACE-PWROPT-TIMING" Name="stepmotor_ctrl_timing_summary_postplace_pwropted.rpt"/>
  <File Type="PHYSOPT-DCP" Name="stepmotor_ctrl_physopt.dcp"/>
  <File Type="PHYSOPT-DRC" Name="stepmotor_ctrl_drc_physopted.rpt"/>
  <File Type="BITSTR-MSK" Name="stepmotor_ctrl.msk"/>
  <File Type="PHYSOPT-TIMING" Name="stepmotor_ctrl_timing_summary_physopted.rpt"/>
  <File Type="ROUTE-ERROR-DCP" Name="stepmotor_ctrl_routed_error.dcp"/>
  <File Type="ROUTE-DCP" Name="stepmotor_ctrl_routed.dcp"/>
  <File Type="ROUTE-BLACKBOX-DCP" Name="stepmotor_ctrl_routed_bb.dcp"/>
  <File Type="ROUTE-DRC" Name="stepmotor_ctrl_drc_routed.rpt"/>
  <File Type="ROUTE-DRC-PB" Name="stepmotor_ctrl_drc_routed.pb"/>
  <File Type="ROUTE-DRC-RPX" Name="stepmotor_ctrl_drc_routed.rpx"/>
  <File Type="BITSTR-MMI" Name="stepmotor_ctrl.mmi"/>
  <File Type="ROUTE-METHODOLOGY-DRC" Name="stepmotor_ctrl_methodology_drc_routed.rpt"/>
  <File Type="ROUTE-METHODOLOGY-DRC-RPX" Name="stepmotor_ctrl_methodology_drc_routed.rpx"/>
  <File Type="ROUTE-METHODOLOGY-DRC-PB" Name="stepmotor_ctrl_methodology_drc_routed.pb"/>
  <File Type="ROUTE-PWR-RPX" Name="stepmotor_ctrl_power_routed.rpx"/>
  <File Type="ROUTE-STATUS" Name="stepmotor_ctrl_route_status.rpt"/>
  <File Type="ROUTE-STATUS-PB" Name="stepmotor_ctrl_route_status.pb"/>
  <File Type="ROUTE-TIMINGSUMMARY" Name="stepmotor_ctrl_timing_summary_routed.rpt"/>
  <File Type="ROUTE-TIMING-PB" Name="stepmotor_ctrl_timing_summary_routed.pb"/>
  <File Type="ROUTE-TIMING-RPX" Name="stepmotor_ctrl_timing_summary_routed.rpx"/>
  <File Type="ROUTE-SIMILARITY" Name="stepmotor_ctrl_incremental_reuse_routed.rpt"/>
  <File Type="ROUTE-CLK" Name="stepmotor_ctrl_clock_utilization_routed.rpt"/>
  <File Type="ROUTE-BUS-SKEW" Name="stepmotor_ctrl_bus_skew_routed.rpt"/>
  <File Type="ROUTE-BUS-SKEW-PB" Name="stepmotor_ctrl_bus_skew_routed.pb"/>
  <File Type="ROUTE-BUS-SKEW-RPX" Name="stepmotor_ctrl_bus_skew_routed.rpx"/>
  <File Type="POSTROUTE-PHYSOPT-DCP" Name="stepmotor_ctrl_postroute_physopt.dcp"/>
  <File Type="POSTROUTE-PHYSOPT-BLACKBOX-DCP" Name="stepmotor_ctrl_postroute_physopt_bb.dcp"/>
  <File Type="POSTROUTE-PHYSOPT-TIMING" Name="stepmotor_ctrl_timing_summary_postroute_physopted.rpt"/>
  <File Type="POSTROUTE-PHYSOPT-TIMING-PB" Name="stepmotor_ctrl_timing_summary_postroute_physopted.pb"/>
  <File Type="POSTROUTE-PHYSOPT-TIMING-RPX" Name="stepmotor_ctrl_timing_summary_postroute_physopted.rpx"/>
  <File Type="POSTROUTE-PHYSOPT-BUS-SKEW" Name="stepmotor_ctrl_bus_skew_postroute_physopted.rpt"/>
  <File Type="POSTROUTE-PHYSOPT-BUS-SKEW-PB" Name="stepmotor_ctrl_bus_skew_postroute_physopted.pb"/>
  <File Type="BG-BIT" Name="stepmotor_ctrl.bit"/>
  <File Type="POSTROUTE-PHYSOPT-BUS-SKEW-RPX" Name="stepmotor_ctrl_bus_skew_postroute_physopted.rpx"/>
  <File Type="BITSTR-RBT" Name="stepmotor_ctrl.rbt"/>
  <File Type="BITSTR-NKY" Name="stepmotor_ctrl.nky"/>
  <File Type="PDI-FILE" Name="stepmotor_ctrl.pdi"/>
  <File Type="RCFI_FILE" Name="stepmotor_ctrl.rcfi"/>
  <File Type="CFI_FILE" Name="stepmotor_ctrl.cfi"/>
  <File Type="RNPI_FILE" Name="stepmotor_ctrl.rnpi"/>
  <File Type="NPI_FILE" Name="stepmotor_ctrl.npi"/>
  <File Type="RBD_FILE" Name="stepmotor_ctrl.rbd"/>
  <File Type="BITSTR-LTX" Name="debug_nets.ltx"/>
  <File Type="BITSTR-LTX" Name="stepmotor_ctrl.ltx"/>
  <File Type="BITSTR-SYSDEF" Name="stepmotor_ctrl.sysdef"/>
  <File Type="BG-BGN" Name="stepmotor_ctrl.bgn"/>
  <File Type="BG-DRC" Name="stepmotor_ctrl.drc"/>
  <File Type="RDI-RDI" Name="stepmotor_ctrl.vdi"/>
  <File Type="WBT-USG" Name="usage_statistics_webtalk.html"/>
  <FileSet Name="sources" Type="DesignSrcs" RelSrcDir="$PSRCDIR/sources_1">
    <Filter Type="Srcs"/>
    <File Path="$PPRDIR/stepper_control.v">
      <FileInfo>
        <Attr Name="UsedIn" Val="synthesis"/>
        <Attr Name="UsedIn" Val="implementation"/>
        <Attr Name="UsedIn" Val="simulation"/>
      </FileInfo>
    </File>
    <Config>
      <Option Name="DesignMode" Val="RTL"/>
      <Option Name="TopModule" Val="stepmotor_ctrl"/>
      <Option Name="TopAutoSet" Val="TRUE"/>
    </Config>
  </FileSet>
  <FileSet Name="constrs_in" Type="Constrs" RelSrcDir="$PSRCDIR/constrs_1">
    <Filter Type="Constrs"/>
    <File Path="$PSRCDIR/constrs_1/new/W5_2.xdc">
      <FileInfo>
        <Attr Name="UsedIn" Val="synthesis"/>
        <Attr Name="UsedIn" Val="implementation"/>
      </FileInfo>
    </File>
    <Config>
      <Option Name="TargetConstrsFile" Val="$PSRCDIR/constrs_1/new/W5_2.xdc"/>
      <Option Name="ConstrsType" Val="XDC"/>
    </Config>
  </FileSet>
  <FileSet Name="utils" Type="Utils" RelSrcDir="$PSRCDIR/utils_1">
    <Filter Type="Utils"/>
    <Config>
      <Option Name="TopAutoSet" Val="TRUE"/>
    </Config>
  </FileSet>
  <Strategy Version="1" Minor="2">
    <StratHandle Name="Vivado Implementation Defaults" Flow="Vivado Implementation 2020"/>
    <Step Id="init_design"/>
    <Step Id="opt_design"/>
    <Step Id="power_opt_design"/>
    <Step Id="place_design"/>
    <Step Id="post_place_power_opt_design"/>
    <Step Id="phys_opt_design"/>
    <Step Id="route_design"/>
    <Step Id="post_route_phys_opt_design"/>
    <Step Id="write_bitstream"/>
  </Strategy>
</GenRun>
